Country Name,2000,2001,2002,2003,2004,2005,2006,2007,2008,2009,2010,2011,2012,2013,2014,2015,2016,2017,2018,2019,2020,2021,2022,2023
Afghanistan,1.264052241,1.315550666,1.367049091,1.418547515,1.47004594,1.521544365,1.595280745,1.669017126,1.742753507,1.816489888,1.890226268,1.937043018,1.983859768,2.030676517,2.077493267,2.124310017,2.268591682,2.412873348,2.557155013,2.701436679,2.845718344,2.99000001,2.514790058,2.514790058
Albania,8.750521307,8.819999695,8.885713986,8.951428277,9.017142568,9.082856859,9.148571151,9.214285442,9.279999733,9.453333219,9.626666705,9.800000191,10.02999973,10.01933975,10.00867977,9.998019791,9.98735981,9.976699829,10.02484799,10.07299615,10.12114431,10.17531099,10.17531099,10.17531099
Algeria,5.609090978,5.683260777,5.757430575,5.831600373,5.905770171,5.979939969,6.170000076,6.230000019,6.289999962,6.053333282,5.816666603,5.579999924,5.760033667,5.94006741,6.120101154,6.300134897,6.480168641,6.660202384,6.840236127,7.020269871,7.215610724,7.416386987,7.416386987,7.416386987
Andorra,9.814466572,9.898915551,9.984091174,10.06999969,10.69999981,10.09000015,10.40999985,10.43999982,10.46999979,10.49999976,10.52999973,10.5599997,10.58999968,10.61999965,10.64999962,10.56999969,10.56000042,10.73500029,10.91000017,11.08500004,11.25999991,11.43499978,11.60999966,11.60999966
Angola,3.425745773,3.464791,3.505191693,3.545592386,3.585993079,3.626393772,3.666794465,3.707195158,3.747595851,3.787996544,3.828397237,3.86879793,3.909198623,3.949599316,3.99000001,5.315629959,5.417390823,5.521099768,5.626794086,5.734511785,5.844291601,5.956173009,5.956173009,5.956173009
Antigua and Barbuda,9.202073771,9.328779548,9.457229971,9.587449062,9.719461174,9.853290995,9.988963554,10.12650422,10.26593873,10.40729314,10.5505939,10.69586781,10.84314203,10.99244411,11.14380197,11.29515983,11.44651769,11.59787555,11.7492334,11.71532228,11.68141116,11.64750004,11.64750004,11.64750004
Arab States,5.101548635,5.198593843,5.29604668,5.406386213,5.540432493,5.69425078,5.828757087,6.018226672,6.156197464,6.285588587,6.387365147,6.53006335,6.715478781,6.900108509,7.085046615,7.265879673,7.418045894,7.591984116,7.746850328,7.88287427,8.037800332,8.191442073,8.054184409,8.071574177
Argentina,8.801999855,8.869999886,9.394999981,9.920000076,10.00999991,10.09999975,10.18999958,10.29999971,10.40999985,10.53999996,10.60000038,10.69999981,10.78999996,10.89000034,10.90999985,10.92000008,10.93000031,11.01500034,11.10000038,11.12000036,11.14000034,11.18458184,11.18458184,11.18458184
Armenia,10.49194093,10.48999977,10.55999975,10.62999973,10.69999971,10.76999969,10.83999968,10.90999966,10.97999964,11.04999962,11.1199996,11.18999958,11.28499961,11.37999964,11.47499967,11.56999969,11.68974018,11.18999958,11.23666636,11.28333314,11.32999992,11.34497821,11.34497821,11.34497821
Australia,11.28549308,11.34161987,11.39774666,11.45387344,11.51000023,11.55000019,11.64000034,11.71000004,11.93999958,11.98999977,12.02999973,12.11999989,12.30000019,12.02000046,12.17000008,12.25,12.35000038,12.31999969,12.46000004,12.56000042,12.64000034,12.77999973,12.86999989,12.86999989
Austria,11.10642883,11.19714315,11.28785746,11.37857178,11.4692861,11.56000042,11.54500008,11.52999973,11.47000027,11.67000008,11.71000004,11.71000004,11.75,11.78999996,12.01000023,12.07999992,12.10999966,12.15999985,12.21000004,12.26000023,12.31062811,12.36146506,12.36146506,12.36146506
Azerbaijan,10.30000019,10.34000015,10.38000011,10.42000008,10.46000004,10.5,10.53999996,10.57999992,10.59000015,10.59000015,10.60999966,10.60999966,10.60999966,10.56999969,10.56999969,10.56999969,10.64999962,10.64000034,10.64000034,10.64000034,10.74750018,10.85500002,10.96249986,11.06999969
Bahamas,11.03999996,11.12199993,11.2039999,11.28599987,11.36799984,11.44999981,11.53199978,11.61399975,11.69599972,11.77799969,11.85999966,11.94374484,12.02808137,12.11301341,12.19854516,12.28468087,12.37142479,12.45878123,12.5467545,12.63534896,12.724569,12.81441904,12.81441904,12.81441904
Bahrain,8.045000124,8.340000153,8.305555662,8.27111117,8.236666679,8.202222188,8.167777697,8.133333206,8.098888715,8.064444224,8.029999733,8.244999727,8.45999972,8.674999714,8.889999708,9.104999701,9.319999695,9.590000153,10.5,10.75,11.0,11.07499981,11.14999962,11.13000011
Bangladesh,4.283905106,4.400000095,4.480000067,4.560000038,4.64000001,4.719999981,4.799999952,4.879999924,4.959999895,5.039999866,5.119999838,5.199999809,5.300000191,5.059999943,5.190000057,5.989999771,6.110000134,6.269999981,6.389999866,6.550000191,7.099999905,6.789999962,6.789999962,6.789999962
Barbados,8.989999771,9.095642626,9.20128548,9.306928334,9.412571189,9.518214043,9.545142614,9.572071185,9.598999756,9.625928326,9.652856897,9.661142611,9.669428325,9.677714039,9.685999753,9.694285467,9.733642609,9.772999751,9.812356893,9.851714035,9.891071177,9.92835689,9.92835689,9.92835689
Belarus,10.38321013,10.4699011,10.55731587,10.64546048,10.73434102,10.82396364,10.91433453,11.00545995,11.09734618,11.18999958,11.28499966,11.37999973,11.47499981,11.56999989,11.66499996,11.76000004,11.85500011,11.95000019,12.04500027,12.14000034,12.23729677,12.33537298,12.33537298,12.33537298
Belgium,10.54152656,10.63867396,10.73582136,10.83296876,10.93011616,11.02726356,11.05000019,11.11500025,11.18000031,11.31999969,11.42000008,11.47000027,11.5,11.53999996,11.64000034,11.89000034,11.98999977,12.23999977,12.30999994,12.38000011,12.53386908,12.68965045,12.68965045,12.68965045
Belize,7.169285502,7.341428348,7.513571194,7.68571404,7.857856887,8.029999733,8.521999741,9.013999748,9.505999756,9.997999763,10.48999977,10.17668591,9.86337204,9.550058174,9.236744308,8.923430443,8.908744431,8.894058418,8.879372406,8.864686394,8.850000381,8.762290001,8.762290001,8.762290001
Benin,2.290000033,2.375000036,2.460000038,2.472683366,2.485366694,2.498050022,2.51073335,2.523416678,2.536100006,2.548783334,2.561466662,2.57414999,2.586833318,2.599516646,2.612199974,2.624883302,2.63756663,2.650249958,2.841894984,3.03354001,3.113870025,3.194200039,3.194200039,3.194200039
Bhutan,,,,,,,,,,,2.359933,2.288726499,2.220000029,2.588000011,2.955999994,3.323999977,3.69199996,4.059999943,4.580629311,5.170262283,5.835794662,5.835794662,5.835794662,5.835794662
Bolivia (Plurinational State of),7.098888927,7.210000038,7.14800005,7.086000061,7.024000072,6.962000084,6.900000095,7.049999952,7.199999809,7.480000019,7.710000038,7.940000057,8.170000076,8.423333486,8.676666896,8.930000305,9.162500143,9.394999981,9.627499819,9.859999657,9.829999924,10.02122319,10.02122319,10.02122319
Bosnia and Herzegovina,6.612996281,6.626101903,6.639207526,6.652313149,6.665418771,6.678524394,6.691630016,6.796222546,6.900815075,7.005407604,7.110000134,7.239999771,7.889999708,8.539999644,9.18999958,9.289999962,9.68999958,9.75,9.81000042,10.17500019,10.53999996,10.75500011,10.97000027,10.97000027
Botswana,7.61,7.744,7.878,8.012,8.146,8.28,8.398,8.516,8.634,8.752,8.87,9.1,9.33,9.56,9.79,10.02,10.1,10.18,10.26,10.34,10.42,10.478,10.478,10.478
Brazil,5.272178174,5.449133635,5.626089097,5.803044558,5.980000019,6.150000095,6.320000172,6.5,6.670000076,6.769999981,6.880000114,7.010000229,7.21999979,7.289999962,7.380000114,7.510000229,7.730000019,7.849999905,7.980000019,8.125777988,8.274219016,8.425371752,8.425371752,8.425371752
Brunei Darussalam,8.29,8.328,8.366,8.404,8.442,8.48,8.538,8.596,8.654,8.712,8.77,8.82,8.87,8.92,8.97,9.02,9.06,9.1,9.14,9.18,9.22,9.282,9.282,9.282
Bulgaria,9.743333287,10.03999996,10.11599998,10.19200001,10.26800003,10.34400005,10.42000008,10.53999996,10.59000015,10.64000034,10.72000027,10.77999973,10.89999962,11.01000023,11.05000019,11.18999958,11.22999954,11.23999977,11.29666646,11.35333316,11.40999985,11.45453092,11.45453092,11.45453092
Burkina Faso,,,,,,1.343624228,1.320000052,0.980000019,1.024285725,1.068571431,1.112857137,1.157142844,1.20142855,1.245714256,1.289999962,1.447499961,1.604999959,1.762499958,1.919999957,2.099999905,2.183274984,2.266550064,2.266550064,2.266550064
Burundi,1.998888943,2.052777833,2.106666724,2.160555614,2.214444505,2.268333395,2.322222286,2.376111176,2.430000067,2.363333384,2.296666702,2.230000019,2.163333337,2.096666654,2.029999971,2.286666632,2.543333292,2.799999952,2.955112081,3.118816986,3.291590683,3.473935556,3.473935556,3.473935556
Cabo Verde,5.314436678,5.349154601,5.384099328,5.419272341,5.45467513,5.490309197,5.526176052,5.562277217,5.598614223,5.635188609,5.672001926,5.709055736,5.74635161,5.783891128,5.821430647,5.860000134,5.896509684,5.934049202,5.986045818,6.038042434,6.09003905,6.09003905,6.09003905,6.09003905
Cambodia,3.372761251,3.435607734,3.498454217,3.5613007,3.624147183,3.686993666,3.808496866,3.930000067,4.03000021,3.940000057,3.872000027,3.803999996,3.735999966,3.667999935,3.599999905,3.670000076,3.952092528,4.23418498,4.516277432,4.798369884,4.997735023,5.197100163,5.197100163,5.197100163
Cameroon,2.981221328,3.058831636,3.136441943,3.21405225,3.291662558,3.369272865,3.429636437,3.49000001,4.059999943,4.629999876,5.199999809,5.352463603,5.504927397,5.657391191,5.809854984,5.962318778,6.114782572,6.267246366,6.419710159,6.47855597,6.537401781,6.574180412,6.574180412,6.574180412
Canada,12.48599987,12.65999985,12.79199982,12.92399979,13.05599976,13.18799973,13.31999969,13.36799984,13.41599998,13.46400013,13.51200027,13.56000042,13.59400024,13.62800007,13.66199989,13.69599972,13.72999954,13.75799961,13.78599968,13.81399975,13.84199982,13.86999989,13.86999989,13.86999989
Central African Republic,2.593130448,2.665665566,2.738200683,2.8107358,2.883270918,2.955806035,3.012020751,3.068235467,3.124450183,3.180664899,3.236879615,3.356562559,3.476245503,3.595928447,3.71561139,3.835294334,3.858868247,3.88244216,3.906016074,3.929589987,3.9531639,3.989431459,3.989431459,3.989431459
Chad,1.280210316,1.330157742,1.380105167,1.430052593,1.480000019,1.536000013,1.592000008,1.648000002,1.703999996,1.75999999,1.807276988,1.854553986,1.901830983,1.949107981,1.996384978,2.043661976,2.090938973,2.138215971,2.185492969,2.232769966,2.283305529,2.334984892,2.334984892,2.334984892
Chile,9.1479843,9.285988177,9.423992054,9.561995932,9.699999809,9.736666679,9.773333549,9.81000042,10.10999966,9.980000019,9.850000381,9.539999962,9.775000095,10.01000023,10.13500023,10.26000023,10.42500019,10.59000015,10.76107344,10.93491029,11.11155533,11.29105394,11.29105394,11.29105394
China,6.119999886,6.213999891,6.307999897,6.401999903,6.495999908,6.589999914,6.68399992,6.777999926,6.871999931,6.965999937,7.059999943,7.154564977,7.249130011,7.343695045,7.438260078,7.532825112,7.627390146,7.72195518,7.816520214,7.883260012,7.949999809,8.036181597,8.036181597,8.036181597
Colombia,6.862727382,6.914545579,6.966363777,7.018181974,7.070000172,7.28000021,6.800000191,7.190000057,7.320000172,7.25,7.389999866,7.519999981,7.630000114,7.829999924,7.989999771,8.050000191,8.220000267,8.360000134,8.5,8.640000343,8.859999657,9.031581597,9.031581597,9.031581597
Comoros,2.71568799,2.872843325,3.02999866,3.187153995,3.34430933,3.501464665,3.65862,3.815775335,3.97293067,4.130086005,4.28724134,4.444396675,4.60155201,4.742080832,4.882609653,5.023138475,5.163667297,5.304196119,5.444724941,5.585253763,5.725782585,5.866311407,6.006840229,6.006840229
Congo,7.26262234,7.310683811,7.358745283,7.406806754,7.454868225,7.502929697,7.516280106,7.529630514,7.542980923,7.556331332,7.56968174,7.687165337,7.804648934,7.92213253,8.039616127,8.157099724,8.175790296,8.194480868,8.21317144,8.231862013,8.250552585,8.322644792,8.322644792,8.322644792
Congo (Democratic Republic of the),5.141164165,5.200545392,5.25992662,5.319307847,5.378689075,5.438070302,5.478699563,5.519328824,5.559958085,5.600587346,5.641216607,5.74747775,5.853738894,5.960000038,6.226666768,6.493333499,6.760000229,6.903780222,7.047560215,7.126862507,7.206164799,7.378561086,7.378561086,7.378561086
Costa Rica,7.558133279,7.65742243,7.75671158,7.85600073,7.955289881,8.054579031,8.03228963,8.010000229,8.289999962,8.359999657,8.229999542,8.350000381,8.409999847,8.579999924,8.75,8.579999924,8.56000042,8.640000343,8.720000267,8.760000229,8.800000191,8.844752499,8.844752499,8.844752499
Croatia,9.623000288,9.930000305,10.05100031,10.17200031,10.29300032,10.41400032,10.53500032,10.65600033,10.77700033,10.89800034,11.01900034,11.14000034,11.26776578,11.32381431,11.39428141,11.41761126,11.54998983,11.63374763,11.76899162,11.84918288,11.95072257,12.0951217,12.0951217,12.0951217
Cuba,9.99731911,10.08365959,10.17000008,10.30300007,10.43600006,10.56900005,10.70200005,10.83500004,10.96800003,11.10100002,11.23400002,11.36700001,11.5,11.38051714,11.26103428,11.14155143,11.02206857,10.90258571,10.78310285,10.66362,10.54799566,10.63148903,10.63148903,10.63148903
Cyprus,9.910000165,10.07250023,10.23500029,10.39750036,10.56000042,10.72000027,10.97000027,11.18999958,11.27999973,11.26000023,11.43999958,11.57999992,11.81000042,11.88000011,11.88000011,11.86999989,12.09000015,12.18499994,12.27999973,12.35999966,12.43999958,12.5573721,12.5573721,12.5573721
Czechia,10.98799992,11.17666658,11.36533324,11.5539999,11.74266656,11.93133322,12.11999989,12.14000034,12.18999958,12.28999996,12.39000034,12.47000027,12.52000046,12.60000038,12.64000034,12.67000008,12.73999977,12.78999996,12.82999992,12.86999989,12.91650699,12.96318214,12.96318214,12.96318214
CÃ´te d'Ivoire,3.139966854,3.234648932,3.329331009,3.424013087,3.518695164,3.613377242,3.706127032,3.798876822,3.891626612,3.984376402,4.077126192,4.227844601,4.37856301,4.529281419,4.679999828,4.707142694,4.734285559,4.761428424,4.78857129,4.815714155,4.84285702,4.869999886,4.869999886,4.869999886
Denmark,12.47500002,12.6400001,12.80500019,12.97000027,12.92000008,12.82999992,12.73999977,12.64999962,12.88000011,12.47000027,12.43000031,12.47000027,12.69999981,12.75,12.39000034,12.64000034,13.15999985,13.00999975,12.85999966,12.90999985,12.96000004,13.0273206,13.0273206,13.0273206
Djibouti,1.506125028,1.587407638,1.673076911,1.763369586,1.85853518,1.958836673,2.064551241,2.175971017,2.2934039,2.417174404,2.54762456,2.685114854,2.830025229,2.982756133,3.143729623,3.304703114,3.465676604,3.626650095,3.787623586,3.8418874,3.896151215,3.95041503,3.95041503,3.95041503
Dominica,7.636415183,7.75,7.868754482,7.987508965,8.106263447,8.225017929,8.343772411,8.462526894,8.581281376,8.700035858,8.81879034,8.937544823,9.056299305,9.175053787,9.29380827,9.412562752,9.531317234,9.650071716,9.768826199,9.887580681,10.00633516,10.12508965,10.12508965,10.12508965
Dominican Republic,6.465090095,6.542958058,6.620826021,6.698693984,6.776561947,6.85442991,7.012214993,7.170000076,7.193333308,7.21666654,7.239999771,7.329999924,7.429999828,7.519999981,7.650000095,7.71999979,9.039999962,8.981826782,8.923653603,8.865480423,9.150423935,9.444525756,9.444525756,9.444525756
East Asia And The Pacific,6.059248021,6.189690872,6.320327915,6.451453957,6.583194819,6.688505288,6.801230801,6.832578668,6.932606736,7.054992283,7.154059489,7.251242925,7.347718648,7.444500876,7.530447961,7.618633243,7.70100711,7.808522832,7.903213505,8.019320697,8.10217521,8.21850822,8.25603039,8.258227878
Ecuador,7.320588112,7.377646923,7.434705734,7.491764545,7.548823357,7.605882168,7.662940979,7.71999979,7.730000019,7.739999771,7.849999905,7.909999847,8.100000381,8.289999962,8.359999657,8.699999809,8.68999958,8.770000458,8.78666687,8.803333282,8.819999695,9.109999657,8.970000267,8.970000267
Egypt,6.365999985,6.375,6.384000015,6.393000031,6.402000046,6.411000061,6.420000076,6.659090996,6.898181915,7.137272835,7.376363754,7.615454674,7.854545593,8.093636513,8.332727432,8.571818352,8.810909271,9.050000191,9.310100585,9.577676361,9.852942366,10.13611962,10.13611962,10.13611962
El Salvador,4.975714309,5.101428594,5.227142879,5.352857164,5.478571449,5.604285734,5.730000019,5.630000114,6.03000021,6.130000114,6.340000153,6.210000038,6.369999886,6.429999828,6.526666482,6.623333136,6.71999979,6.829999924,6.970000029,7.110000134,7.150000095,7.200000127,7.250000159,7.300000191
Equatorial Guinea,6.393709877,6.484496369,6.57657197,6.669954983,6.764663975,6.860717772,6.958135469,7.056936435,7.157140309,7.258767013,7.361836749,7.466370009,7.572387571,7.679910514,7.787433457,7.8949564,8.002479343,8.110002286,8.167110529,8.224218771,8.281327014,8.281327014,8.281327014,8.281327014
Eritrea,,,,,,4.710979562,4.703474364,4.695981122,4.688499818,4.681030433,4.673572948,4.666127343,4.6586936,4.6512717,4.6438498,4.6364279,4.629006,4.6215841,4.77817754,4.93477098,5.09136442,5.09136442,5.09136442,5.09136442
Estonia,12.18000031,12.35000022,12.52000014,12.69000006,12.85999997,13.02999989,13.19999981,13.22000027,13.25,13.31999969,13.32999992,13.39999962,13.44999981,13.53999996,13.43999958,13.48999977,13.51000023,13.56000042,13.65999985,13.60500002,13.55000019,13.56216597,13.56216597,13.56216597
Eswatini (Kingdom of),5.581896601,5.37076787,5.159639138,4.948510407,4.737381675,4.526252943,4.783656466,5.041059988,5.29846351,5.555867032,5.813270554,6.114056692,6.41484283,6.715628968,7.016415106,7.317201244,7.510976929,7.704752614,7.898528299,8.092303985,8.28607967,8.485639704,8.685199738,8.685199738
Ethiopia,1.482605772,1.556591678,1.630577584,1.70456349,1.783422613,1.862281736,1.941140858,2.019999981,2.057500005,2.095000029,2.132500052,2.170000076,2.221358061,2.272716045,2.32407403,2.375432014,2.426789999,2.41103665,2.395283302,2.379529953,2.391007204,2.402539813,2.402539813,2.402539813
Europe And Central Asia,8.871213597,8.950967906,9.032141315,9.131476843,9.227060497,9.324449636,9.404899277,9.486671973,9.584406033,9.644280705,9.842992376,9.949699341,10.01896301,10.08168177,10.15715727,10.21699399,10.31714458,10.3802798,10.45487385,10.54059971,10.61687005,10.6989453,10.70074552,10.69673232
Fiji,8.253636317,8.394545382,8.535454447,8.676363512,8.817272576,8.958181641,9.099090706,9.239999771,9.378999805,9.51799984,9.656999874,9.795999908,9.934999943,10.07399998,10.21300001,10.35200005,10.49100008,10.63000011,10.56524253,10.50048494,10.43572736,10.37096977,10.37096977,10.37096977
Finland,11.41846173,11.64230787,11.86615401,12.09000015,12.13500023,12.18000031,12.22999954,12.27999973,12.32999992,12.36999989,12.42000008,12.46000004,12.48999977,12.55000019,12.60000038,12.63000011,12.68499994,12.73999977,12.80499983,12.86999989,12.92469645,12.97962547,12.97962547,12.97962547
France,9.471428462,9.66357129,9.855714117,10.04785694,10.23999977,10.31999969,10.44499969,10.56999969,10.64999962,10.63000011,10.77999973,10.85000038,10.93999958,11.07999992,11.22999954,11.32999992,11.35000038,11.40999985,11.50999975,11.60999966,11.68757451,11.7656677,11.7656677,11.7656677
Gabon,6.15,6.304,6.458,6.612,6.766,6.92,7.05,7.18,7.31,7.44,7.57,7.852,8.134,8.416,8.698,8.98,9.094,9.208,9.322,9.436,9.55,9.686,9.686,9.686
Gambia,2.238995447,2.322254574,2.405513701,2.488772828,2.572031955,2.655291083,2.75880243,2.862313777,2.965825124,3.069336472,3.172847819,3.305612373,3.438376927,3.571141481,3.676881218,3.782620955,3.888360691,3.994100428,4.099840164,4.306130171,4.512420177,4.674727154,4.674727154,4.674727154
Georgia,11.80593791,11.8628319,11.92000008,11.97800007,12.03600006,12.09400005,12.15200005,12.21000004,12.26800003,12.32600002,12.38400002,12.44200001,12.5,12.55999994,12.61999989,12.71500015,12.81000042,12.86999989,12.84499979,12.81999969,12.77999973,12.73999977,12.69999981,12.69999981
Germany,12.41976383,12.76482292,13.10988201,13.4549411,13.80000019,13.69999981,13.60000038,13.68000031,13.76000023,13.82999992,13.85000038,13.93000031,13.97999954,14.01000023,14.03999996,14.07999992,14.13000011,14.10500002,14.07999992,14.17000008,14.26000023,14.29637163,14.29637163,14.29637163
Ghana,5.222531394,5.270241306,5.317951218,5.365661129,5.413371041,5.461080952,5.520718342,5.580355731,5.639993121,5.69963051,5.7592679,5.789938557,5.820609215,5.851279872,5.88195053,5.912621187,6.016560637,6.120500088,6.317842102,6.515184116,6.712526131,6.909868145,7.107210159,7.107210159
Greece,9.103571449,9.232857159,9.362142869,9.49142858,9.62071429,9.75,10.10000038,10.06000042,10.10000038,10.15500021,10.21000004,10.30750012,10.40500021,10.5025003,10.60000038,10.73999977,10.25,10.53999996,10.82999992,11.11999989,11.40999985,11.55385642,11.55385642,11.55385642
Grenada,,,8.639279542,8.683001974,8.726945681,8.771111782,8.815501403,8.860115674,8.904955734,8.950022724,8.995317793,9.040842095,9.086596791,9.132583046,9.178802032,9.225021019,9.271240005,9.317458992,9.363677979,9.391251755,9.418825531,9.446399307,9.446399307,9.446399307
Guatemala,3.917029283,3.883514594,3.849999905,3.799999952,3.75,3.700000048,3.650000095,3.841666778,4.03333346,4.225000143,4.416666826,4.608333508,4.800000191,4.900000095,5.840000153,4.933569908,5.120177388,5.306784868,5.493392348,5.679999828,5.73576657,5.791533311,5.847300053,5.847300053
Guinea,1.444285716,1.457857149,1.471428582,1.485000014,1.498571447,1.51214288,1.525714312,1.539285745,1.552857178,1.56642861,1.580000043,1.652500033,1.725000024,1.797500014,1.870000005,2.45095998,3.031919956,2.580960035,2.130000114,2.242710416,2.361384854,2.486339025,2.486339025,2.486339025
Guinea-Bissau,,,,,,2.148568167,2.27117,2.418591125,2.56601225,2.713433375,2.8608545,3.008275625,3.15569675,3.303117875,3.450539,3.4950382,3.5395374,3.5840366,3.6285358,3.673035,3.673035,3.673035,3.673035,3.673035
Guyana,6.010992254,6.06549607,6.119999886,6.263449276,6.406898667,6.550348057,6.693797448,6.837246839,6.980696229,7.12414562,7.267595011,7.411044401,7.554493792,7.697943183,7.841392573,7.984841964,8.128291354,8.271740745,8.415190136,8.558639526,8.627408726,8.702429672,8.702429672,8.702429672
Haiti,3.73632444,3.843930584,3.951536728,4.059142872,4.166749016,4.274355159,4.364026946,4.453698733,4.543370519,4.633042306,4.722714092,4.824342117,4.925970142,5.027598167,5.129226191,5.230854216,5.306577058,5.3822999,5.3822999,5.3822999,5.3822999,5.3822999,5.3822999,5.3822999
High Human Development,6.417289299,6.548965892,6.686730357,6.816289481,6.944744605,7.05115444,7.161123927,7.211647969,7.304694431,7.42186296,7.520990839,7.624001538,7.738923502,7.830572508,7.918142359,8.013862137,8.116465,8.217285516,8.321351243,8.439720691,8.521483708,8.661168456,8.686742095,8.687857454
Honduras,4.597074777,4.66404004,4.731005302,4.797970565,4.864935827,4.93190109,4.940950449,4.949999809,5.107499838,5.264999866,5.422499895,5.579999924,5.519999981,5.849999905,6.179999828,6.289999962,6.53000021,6.410000086,6.289999962,7.090000153,7.297090193,7.510229074,7.510229074,7.510229074
"Hong Kong, China (SAR)",10.26200027,10.38500023,10.50800018,10.63100014,10.75400009,10.87700005,11.0,11.10500002,11.21000004,11.31000042,11.39999962,11.61999989,11.70666663,11.79333337,11.88000011,12.02000046,12.09500027,12.17000008,12.19999981,12.22999954,12.26999982,12.3100001,12.35000038,12.35000038
Hungary,10.17090884,10.23999977,10.38749981,10.53499985,10.68249989,10.82999992,11.07500005,11.32000017,11.5650003,11.81000042,11.88000011,11.92000008,11.84000015,12.01000023,11.77000046,11.85000038,11.89000034,11.98000026,12.07000017,12.16000009,12.25,12.33162229,12.33162229,12.33162229
Iceland,11.73720145,11.88376121,12.03032097,12.17688074,12.3234405,12.47000027,12.56000022,12.65000016,12.74000011,12.83000006,12.92000001,13.00999996,13.0999999,13.18999985,13.2799998,13.36999975,13.4599997,13.54999965,13.63999959,13.72999954,13.77000046,13.90892628,13.90892628,13.90892628
India,4.14268005,4.219709475,4.2967389,4.373768325,4.45079775,4.527827175,4.634916863,4.742006551,4.84909624,4.956185928,5.063275616,5.300000191,5.397578144,5.495156097,5.592734051,5.690312004,5.787889957,6.013944864,6.239999771,6.281380177,6.489999771,6.529999971,6.570000172,6.880000114
Indonesia,5.951250106,6.224375114,6.497500122,6.770625129,7.043750137,7.316875145,7.590000153,7.019999981,7.070000172,7.309999943,7.410000086,7.510000229,7.606666883,7.703333537,7.800000191,7.909999847,7.980000019,8.239589691,8.159999847,8.360000134,8.56000042,8.6972232,8.6972232,8.6972232
Iran (Islamic Republic of),8.458445755,8.67874611,8.899046466,9.119346822,9.339647177,9.559947533,9.869999886,9.630000114,9.390000343,9.550000191,9.710000038,9.800000191,9.890000343,10.03999996,10.11999989,10.21500015,10.31000042,10.41517492,10.52142232,10.62875357,10.73717974,10.84671198,10.84671198,10.84671198
Iraq,5.603819943,5.685289049,5.766758155,5.848227261,5.929696368,6.011165474,6.09263458,6.169443469,6.246252357,6.323061245,6.399870133,6.476679021,6.506849165,6.537019308,6.567189452,6.597359595,6.627529739,6.657699882,6.687870026,6.718455358,6.749180566,6.780046287,6.780046287,6.780046287
Ireland,10.53000011,10.67000008,10.81000004,10.95,11.08999996,11.22999992,11.36999989,11.35000038,11.42333349,11.49666659,11.56999969,11.0,11.07166672,11.14333344,11.21500015,11.28666687,11.35833359,11.43000031,11.50304689,11.57656031,11.65054353,11.72499956,11.72499956,11.72499956
Israel,10.59050045,10.63537545,10.68025045,10.72512546,10.77000046,11.2750001,11.77999973,12.38000011,12.42000008,12.46000004,12.5,12.60000038,12.68999958,12.80000019,12.92000008,12.96000004,13.05404318,13.14876875,13.24418168,13.34028697,13.43708963,13.53459474,13.53459474,13.53459474
Italy,8.75429378,8.840000153,8.947500229,9.055000305,9.162500381,9.270000458,9.390000343,9.529999733,9.649999619,9.729999542,9.819999695,9.899999619,10.02000046,10.12000036,10.22000027,10.31000042,10.39600029,10.48200016,10.56800003,10.6539999,10.73999977,10.82812827,10.82812827,10.82812827
Jamaica,7.521499801,7.604999781,7.688499761,7.771999741,7.855499721,7.938999701,8.022499681,8.10599966,8.18949964,8.27299962,8.3564996,8.43999958,8.578173291,8.716347001,8.854520711,8.992694421,9.130868131,9.269041842,9.407215552,9.545389262,9.683562972,9.821736683,9.959910393,9.959910393
Japan,12.08500004,12.12950001,12.17399998,12.21849995,12.26299992,12.30749989,12.35199986,12.39649982,12.44099979,12.48549976,12.52999973,12.54399977,12.5579998,12.57199984,12.58599987,12.5999999,12.61399994,12.62799997,12.64200001,12.65600004,12.67000008,12.68404671,12.68404671,12.68404671
Jordan,7.359569967,7.506380042,7.653190116,7.800000191,8.144000244,8.488000298,8.832000351,9.176000404,9.520000458,9.565000057,9.609999657,9.763376781,9.916753905,10.07013103,10.22350815,10.37688528,10.5302624,10.68363953,10.35000038,10.4000001,10.44999981,10.3799998,10.30999978,10.23999977
Kazakhstan,9.787500024,10.03500009,10.28250015,10.53000021,10.77750027,11.02500033,11.2725004,11.52000046,11.26500034,11.01000023,11.17462858,11.33925692,11.50388527,11.66851362,11.83314196,11.99777031,12.06851355,12.1392568,12.21000004,12.32137247,12.43376078,12.54717423,12.54717423,12.54717423
Kenya,5.426847564,5.542400211,5.657952859,5.773505507,5.889058155,6.004610802,6.080958087,6.157305373,6.233652658,6.309999943,5.820000172,6.06162903,6.303257889,6.544886748,6.786515607,7.028144466,7.269773324,7.511402183,7.753031042,7.994659901,7.686359882,8.155534983,8.624710083,8.624710083
Kiribati,7.541033476,7.619961922,7.699716476,7.780305783,7.86173858,7.944023696,8.027170051,8.11118666,8.196082632,8.28186717,8.368549574,8.456139242,8.54464567,8.634078452,8.723511235,8.812944018,8.902376801,8.991809584,9.037400246,9.082990907,9.128581569,9.128581569,9.128581569,9.128581569
"Korea, Rep.",10.61999989,10.74399986,10.86799984,10.99199982,11.11599979,11.23999977,11.1474998,11.05499983,10.96249986,10.86999989,11.64000034,11.73600025,11.83200016,11.92800007,12.02399998,12.11999989,12.21834945,12.31749709,12.41744928,12.51821255,12.61979347,12.72219869,12.72219869,12.72219869
Kuwait,6.212345194,6.191876182,6.17140717,6.150938158,6.130469146,6.110000134,6.139999866,6.21999979,6.429999828,6.639999866,6.849999905,7.059999943,7.269999981,6.679999828,6.875,7.070000172,7.130000114,7.190000057,7.21999979,7.333540674,7.448867088,7.566007112,7.566007112,7.566007112
Kyrgyzstan,10.34699993,10.4039999,10.46099987,10.51799984,10.57499981,10.63199978,10.68899975,10.74599972,10.80299969,10.85999966,10.95961412,11.05922858,11.15884304,11.2584575,11.35807196,11.45768642,11.55730089,11.65691535,11.75652981,11.8587579,11.96187492,12.06588858,12.06588858,12.06588858
Lao People's Democratic Republic,4.247836093,4.31972255,4.391609007,4.463495464,4.535381921,4.607268378,4.681333212,4.755398047,4.829462881,4.903527716,4.97759255,5.077797914,5.178003279,5.278208643,5.378414007,5.478619371,5.572289603,5.665959835,5.759630067,5.853300299,5.94697053,6.06024616,6.06024616,6.06024616
Latin America And The Caribbean,6.625297559,6.756999508,6.906202387,7.055222968,7.165888476,7.254082223,7.352486698,7.50587973,7.634991182,7.723651828,7.81949347,7.956824275,8.135352894,8.196087614,8.29050948,8.38549248,8.553481782,8.655925606,8.768964784,8.884018301,8.999194069,9.131811758,9.131163243,9.129517953
Latvia,11.47105064,11.63578801,11.80052538,11.96526275,12.13000011,12.25,12.30000019,12.17000008,12.35000038,12.46000004,12.56000042,12.60999966,12.69999981,12.81000042,12.85999966,12.86999989,12.93000031,13.05500031,13.18000031,13.25,13.32948153,13.40943983,13.40943983,13.40943983
Lebanon,,,,,,7.651717704,7.843456512,8.039999962,8.251818137,8.463636312,8.675454487,8.887272661,9.099090836,9.310909011,9.522727186,9.734545361,9.946363536,10.15818171,10.36999989,10.36999989,10.36999989,10.36999989,10.36999989,10.36999989
Lesotho,5.003950888,5.212228209,5.42050553,5.628782851,5.837060172,6.045337493,5.829999924,5.684999943,5.539999962,5.704586983,5.869174004,6.033761024,6.198348045,6.362935066,6.527522087,6.692109108,6.856696129,7.02128315,7.185870171,7.362815087,7.544117095,7.729883486,7.729883486,7.729883486
Liberia,3.525027062,3.590229875,3.655432688,3.7206355,3.785838313,3.851041126,3.914206351,3.977371575,4.0405368,4.103702025,4.16686725,4.256521117,4.346174985,4.435828852,4.52548272,4.615136587,4.755730152,5.023723443,5.291716735,5.559710026,5.856860094,6.169891955,6.169891955,6.169891955
Libya,5.58,5.752,5.924,6.096,6.268,6.44,6.614,6.788,6.962,7.136,7.31,7.56,7.81,7.807726512,7.805453023,7.803179535,7.800906046,7.798632558,7.791957182,7.785281806,7.77860643,7.77860643,7.77860643,7.77860643
Liechtenstein,11.14999962,11.24106981,11.33214,11.4232102,11.51428039,11.60535058,11.59029139,11.5752322,11.51499736,11.71578177,11.75593865,11.75593865,11.79609554,11.83625242,12.05711575,12.12739006,12.15750748,12.20770382,12.25790017,12.30809651,12.358923,12.40995938,12.40995938,12.40995938
Lithuania,10.94838156,11.13270522,11.31702889,11.50135256,11.68567622,11.86999989,12.01000023,12.15999985,12.30000019,12.31999969,12.46000004,12.56999969,12.56000042,12.59000015,12.80000019,12.96000004,13.10999966,13.18999958,13.29333305,13.39666653,13.5,13.61069239,13.61069239,13.61069239
Low Human Development,2.762059513,2.900985886,3.035345284,3.166162633,3.300047283,3.384023122,3.42045345,3.450655598,3.519237871,3.553209586,3.638157947,3.738154858,3.817112301,3.888527555,4.007434989,4.070151239,4.126964704,4.148354623,4.080768763,4.045643823,4.040716383,4.065326711,4.027520259,4.034071019
Luxembourg,10.55599957,10.72999954,10.99499989,11.26000023,11.3525002,11.44500017,11.53750014,11.63000011,12.22000027,12.81000042,12.84000015,12.85999966,13.0,13.19999981,13.43000031,12.46000004,12.48120855,12.50241706,12.52362557,12.54483408,12.56604259,12.58937195,12.58937195,12.58937195
Madagascar,3.902890818,4.034695727,4.166500637,4.298305546,4.430110455,4.475816863,4.521523271,4.56722968,4.612936088,4.658642496,4.704348905,4.750055313,4.795761721,4.84146813,4.887174538,4.932880947,4.978587355,5.024293763,5.070000172,4.910840193,4.751680215,4.592520237,4.592520237,4.592520237
Malawi,3.013931779,3.16589765,3.31786352,3.469829391,3.621795262,3.773761132,3.925727003,4.077692873,4.229658744,4.381624614,4.533590485,4.685556356,4.837522226,4.989488097,5.141453967,5.293419838,5.283483887,5.273547935,5.263611984,5.253676033,5.243740082,5.243740082,5.243740082,5.243740082
Malaysia,8.420000076,8.254000092,8.088000107,7.922000122,7.756000137,7.590000153,8.082500219,8.575000286,9.067500353,9.56000042,9.699999809,9.811666489,9.923333168,10.03499985,10.14666653,10.25833321,10.36999989,10.46333313,10.55666637,10.64999962,10.79666646,10.94333331,11.09000015,11.09000015
Maldives,3.46923766,3.47378748,3.4783373,3.48288712,3.48743694,3.49198676,3.789999962,4.062264529,4.334529096,4.606793664,4.879058231,5.151322798,5.423587366,5.695851933,5.9681165,6.240381067,6.512645635,6.784910202,6.948074375,7.111238548,7.274402722,7.410372866,7.410372866,7.410372866
Mali,1.184364868,1.219544022,1.254723177,1.289902331,1.325081486,1.36026064,1.440000057,1.556000042,1.672000027,1.788000011,1.903999996,2.019999981,1.972499996,1.925000012,1.877500027,1.830000043,1.529999971,1.699999988,1.870000005,2.041840076,1.629999995,1.629999995,1.629999995,1.629999995
Malta,7.46999979,7.931999779,8.393999767,8.855999756,9.317999744,9.779999733,9.819999695,9.859999657,10.00999991,10.16000017,10.31000042,10.47000027,10.80000019,11.02999973,11.13000011,11.21000004,11.28999996,11.56500006,11.84000015,12.0250001,12.21000004,12.4207021,12.4207021,12.4207021
Marshall Islands,,,,,,,,,,,,10.88000011,10.94721507,11.01484526,11.08289327,11.15094128,11.21898928,11.28703729,11.35508529,11.44894499,11.5428047,11.6366644,11.6366644,11.6366644
Mauritania,3.018759081,3.096006788,3.173254495,3.250502202,3.327749909,3.404997617,3.490376661,3.575755706,3.661134751,3.746513795,3.83189284,3.957928573,4.083964305,4.210000038,4.213114977,4.216229916,4.323796601,4.431363287,4.538929973,4.646496659,4.754063344,4.852025862,4.852025862,4.852025862
Mauritius,6.300000191,6.501818397,6.703636603,6.905454809,7.107273015,7.309091221,7.510909427,7.712727633,7.914545839,8.116364046,8.318182252,8.520000458,8.748793246,8.977586034,9.206378822,9.43517161,9.546530931,9.657890253,9.769249574,9.880608896,9.991968217,10.10332754,10.10332754,10.10332754
Medium Human Development,4.1803038,4.268107792,4.35251518,4.440773635,4.536579648,4.62826473,4.739621306,4.852238636,4.962455317,5.064260228,5.152897545,5.33793859,5.43260318,5.503087686,5.618117929,5.783187511,5.892619709,6.082035114,6.269269141,6.364696336,6.563005013,6.602983867,6.642935344,6.843278178
Mexico,6.659999847,6.817499876,6.974999905,7.132499933,7.289999962,7.489999771,7.869999886,7.880000114,7.949999809,8.140000343,8.010000229,8.25,8.489999771,8.359999657,8.399999619,8.600000381,8.600000381,8.739999771,8.930000305,9.075000286,9.220000267,9.349510934,9.349510934,9.349510934
Micronesia (Federated States of),7.80353371,7.774548081,7.745670118,7.716899419,7.688235587,7.659678224,7.631226936,7.602881327,7.574641007,7.546505583,7.518474665,7.490547867,7.4627248,7.43500508,7.40728536,7.37956564,7.35184592,7.3241262,7.32692546,7.32972472,7.33252398,7.33252398,7.33252398,7.33252398
Moldova (Republic of),10.26991781,10.37363158,10.47734534,10.58105911,10.68477288,10.78848665,11.03424319,11.27999973,11.38000011,11.47999954,11.48999977,11.56000042,11.69999981,11.63000011,11.69999981,11.69999981,11.72666645,11.75333309,11.77999973,11.76000023,11.80000019,11.81999969,11.82999992,11.82999992
Mongolia,9.039999962,9.139999962,9.239999962,9.339999962,9.439999962,9.539999962,9.639999962,9.739999962,9.839999962,9.939999962,10.03999996,10.1480062,10.25601244,10.36401868,10.47202492,10.58003116,10.6880374,10.79604363,10.90404987,10.16202497,9.420000076,9.420000076,9.420000076,9.420000076
Montenegro,,,,10.43999958,10.5449996,10.64999962,10.75499964,10.85999966,10.96499968,11.06999969,11.17499971,11.27999973,11.42716544,11.57433115,11.72149685,11.86866256,12.01582827,12.16299398,12.31015968,12.4628467,12.61742755,12.77392572,12.77392572,12.77392572
Morocco,3.26,3.366,3.472,3.578,3.684,3.79,3.88,3.97,4.06,4.15,4.24,4.468,4.696,4.924,5.152,5.38,5.514,5.648,5.782,5.916,6.05,6.198,6.198,6.198
Mozambique,1.754036179,1.831136671,1.908237162,1.985337654,2.062438145,2.139538637,2.189653956,2.239769275,2.289884595,2.339999914,2.4799999,2.619999886,2.762499928,2.904999971,3.047500014,3.190000057,3.125,3.059999943,3.326666594,3.593333244,3.859999895,4.22524488,4.590489864,4.590489864
Myanmar,2.833204848,2.915459182,2.997713517,3.079967851,3.162222185,3.24447652,3.343181721,3.441886922,3.540592123,3.639297324,3.738002525,3.937240802,4.136479078,4.335717355,4.534955631,4.734193908,4.849349976,5.359566689,5.869783401,6.380000114,6.380000114,6.380000114,6.380000114,6.380000114
Namibia,5.791000175,5.800000191,5.880241414,5.960482637,6.04072386,6.120965082,6.176516698,6.232068314,6.28761993,6.343171546,6.398723162,6.515998795,6.633274429,6.750550062,6.867825696,6.985101329,7.036538011,7.087974692,7.139411373,7.190848055,7.242284736,7.273146745,7.273146745,7.273146745
Nauru,7.020330555,7.113513954,7.20793421,7.303607741,7.400551181,7.498781386,7.598315437,7.69917064,7.80136453,7.904914877,8.009839685,8.116157198,8.223885902,8.333044529,8.443652058,8.554259586,8.664867115,8.775474644,8.886082172,9.073600674,9.261119175,9.448637676,9.448637676,9.448637676
Nepal,2.89495114,3.0,3.051999998,3.103999996,3.155999994,3.207999992,3.25999999,3.311999989,3.363999987,3.415999985,3.467999983,3.519999981,3.56276598,3.605531979,3.648297977,3.691063976,3.733829975,3.933636665,4.133443356,4.333250046,4.418489933,4.50372982,4.50372982,4.50372982
Netherlands,11.78999996,11.78999996,11.78999996,11.78999996,11.78999996,11.78999996,11.88999987,11.98999977,11.90999985,11.93999958,11.97999954,11.96000004,12.02000046,12.06999969,12.09000015,12.14000034,12.18000031,12.25,12.31999969,12.44999981,12.57999992,12.66994689,12.66994689,12.66994689
New Zealand,12.80299969,13.06999969,13.11999969,13.16999969,13.21999969,13.26999969,13.31999969,13.33399982,13.34799995,13.36200008,13.37600021,13.39000034,13.38000011,13.32999992,13.27999973,13.22999954,13.32999992,13.23249984,13.13499975,13.03749967,12.93999958,12.88299807,12.88299807,12.88299807
Nicaragua,6.850358371,6.952844047,7.055329724,7.1578154,7.260301077,7.362786753,7.508424293,7.654061834,7.799699374,7.945336914,8.090974454,8.274369875,8.457765296,8.641160717,8.824556138,9.007951559,9.164377065,9.320802571,9.477228077,9.633653583,9.790079089,9.933019638,9.933019638,9.933019638
Niger,1.160875151,1.203088793,1.245302434,1.287516076,1.329729718,1.37194336,1.403603591,1.435263823,1.466924054,1.498584286,1.530244517,1.585122251,1.639999986,1.574318329,1.508636673,1.442955017,1.377273361,1.311591705,1.245910048,1.293631241,1.341352433,1.412289341,1.412289341,1.412289341
Nigeria,4.514021747,4.690230383,4.866439019,5.042647656,5.265448095,5.488248534,5.711048974,5.933849413,6.156649852,6.194740673,6.232831494,6.270922315,6.309013136,6.347103957,6.563105983,6.779108009,6.995110035,6.957065105,6.919020176,7.191969872,7.388969898,7.585969925,7.585969925,7.585969925
North Macedonia,6.67749989,6.898749888,7.119999886,7.405338645,7.690677404,7.976016164,8.261354923,8.546693683,8.832032442,9.117371202,9.402709961,9.68804872,9.97338748,10.25872624,10.544065,10.82940376,11.11474252,11.40008128,11.68542004,10.95770979,10.22999954,10.22999954,10.22999954,10.22999954
Norway,12.08142826,12.11857108,12.1557139,12.19285672,12.22999954,12.27999973,12.36999989,12.40999985,12.47999954,12.5,12.55000019,12.60999966,12.64333312,12.67666658,12.71000004,12.77000046,12.81999969,12.94999981,12.9749999,13.0,13.0588479,13.11796218,13.11796218,13.11796218
Oman,5.421167138,5.690508082,5.973230748,6.269999981,6.613999939,6.957999897,7.301999855,7.645999813,7.989999771,7.954999924,7.920000076,8.276000023,8.631999969,8.987999916,9.343999863,9.699999809,10.12999992,10.56000004,10.99000015,11.42000027,11.85000038,11.87000036,11.89000034,11.89000034
Pakistan,3.322343388,3.574313162,3.826282936,4.07825271,4.330222484,4.582192257,4.570000172,4.550000191,4.53000021,4.519999981,4.650000095,4.789999962,4.880000114,4.960000038,5.159999847,5.146666527,5.133333206,5.119999886,4.770319939,4.539999962,4.427089449,4.316987038,4.316987038,4.316987038
Palau,12.06445361,12.12257254,12.18069147,12.2388104,12.29692933,12.35504826,12.41316719,12.47128612,12.52940505,12.58752398,12.64564291,12.70376184,12.76188076,12.81999969,12.87892245,12.93811603,12.99758167,13.05732062,13.11733414,13.17762349,13.23818994,13.29903477,13.29903477,13.29903477
"Palestine, State of",,,,,7.53000021,7.63499999,7.739999771,7.909999847,8.010000229,8.31000042,8.359999657,8.579999924,8.850000381,8.869999886,8.909999847,9.079999924,9.159999847,9.279999733,9.520000458,9.730000019,9.93999958,10.03499985,10.13000011,10.13000011
Panama,7.880000114,8.020000076,8.160000038,8.3,8.439999962,8.579999924,8.719999886,8.859999847,8.999999809,9.139999771,9.279999733,9.419999758,9.559999784,9.699999809,9.839999835,9.97999986,10.11999989,10.25999991,10.39999994,10.53999996,10.68586611,10.83375095,10.83375095,10.83375095
Papua New Guinea,3.364777727,3.424641871,3.484506015,3.544370158,3.604234302,3.664098445,3.746669678,3.829240911,3.911812143,3.994383376,4.076954608,4.2070043,4.337053991,4.467103682,4.597153373,4.727203065,4.768488681,4.809774297,4.851059914,4.89234553,4.933631146,4.962531078,4.962531078,4.962531078
Paraguay,6.793636409,6.899090984,7.004545559,7.110000134,7.230000019,7.349999905,7.070000172,7.150000095,7.389999866,7.03000021,7.28000021,7.53000021,7.78000021,8.289999962,8.25,8.520000458,8.350000381,8.470000267,8.590000153,8.81000042,8.859999657,8.930653385,8.930653385,8.930653385
Peru,8.363636537,8.422727498,8.481818459,8.54090942,8.600000381,7.920000076,7.929999828,8.18999958,8.18999958,8.220000267,8.869999886,8.890000343,9.079999924,9.140000343,9.149999619,9.090000153,9.313333511,9.53666687,9.760000229,9.889816364,10.02135916,10.15465159,10.15465159,10.15465159
Philippines,7.570000172,7.837500215,8.105000257,8.3725003,8.640000343,8.657500267,8.675000191,8.692500114,8.710000038,8.809999943,8.909999847,8.989999771,9.069999695,9.149999619,8.90749979,8.664999962,8.422500134,8.180000305,8.575000286,8.970000267,8.890000343,9.433619976,9.977239609,9.977239609
Poland,11.24283811,11.34641896,11.44999981,11.56999985,11.6899999,11.80999994,11.92999999,12.05000003,12.17000008,12.34000015,12.31000042,12.55000019,12.77999973,12.77999973,12.84000015,12.92000008,13.0,13.03999996,13.07999992,13.11999989,13.15999985,13.20854242,13.20854242,13.20854242
Portugal,6.789999962,6.880000114,6.960000038,7.150000095,7.389999866,7.489999771,7.619999886,7.670000076,7.78000021,7.929999828,8.06000042,8.279999733,8.5,8.659999847,8.869999886,8.989999771,9.109999657,9.220000267,9.140000343,9.329999924,9.579999924,9.703254412,9.703254412,9.703254412
Qatar,7.651637166,7.813727922,7.975818678,8.137909435,8.300000191,8.693333308,9.086666425,9.479999542,9.590000153,9.159999847,8.550000191,8.649999619,9.119999886,9.800000191,9.720000267,9.695000172,9.670000076,9.729999542,9.937999725,10.14599991,10.35400009,10.56200027,10.77000046,10.77000046
Romania,9.48200016,9.581000233,9.680000305,9.862000275,10.04400024,10.22600021,10.40800018,10.59000015,10.67000008,10.69999981,10.72999954,10.85999966,10.96000004,11.02000046,10.85999966,10.97999954,11.07999992,11.14999962,11.21499968,11.27999973,11.39000034,11.46000004,11.55000019,11.55000019
Russian Federation,12.05865535,12.11932783,12.18000031,12.20000029,12.22000027,12.24000025,12.26000023,12.28000021,12.30000019,12.32000017,12.34000015,12.34636376,12.35272737,12.35909098,12.36545459,12.3718182,12.3781818,12.38454541,12.39090902,12.39727263,12.40363624,12.40999985,12.40999985,12.40999985
Rwanda,2.456343271,2.573208942,2.690074613,2.806940284,2.923805955,3.040671626,3.185671626,3.330671625,3.475671624,3.620671623,3.765671623,3.767835802,3.769999981,3.914999962,4.059999943,4.095149994,4.173433304,4.251716614,4.329999924,4.604155064,4.878310204,4.879155159,4.880000114,4.880000114
Saint Kitts and Nevis,,,,,,8.524296424,8.733878601,8.948613659,9.16862829,9.394052298,9.625018683,9.861663711,10.104127,10.3525516,10.6009762,10.8494008,10.8494008,10.8494008,10.8494008,10.8494008,10.8494008,10.8494008,10.8494008,10.8494008
Saint Lucia,7.464736838,7.555263143,7.645789448,7.736315752,7.826842057,7.917368362,8.007894667,8.098420971,8.188947276,8.279473581,8.369999886,8.366666476,8.363333066,8.359999657,8.391666412,8.423333168,8.454999924,8.486666679,8.518333435,8.550000191,8.582023652,8.614167055,8.614167055,8.614167055
Saint Vincent and the Grenadines,9.396341268,9.475387082,9.555097862,9.6354792,9.716536739,9.798276166,9.880703218,9.96382368,10.04764339,10.13216822,10.2174041,10.30335703,10.39003302,10.47743817,10.56557861,10.65371905,10.74185949,10.82999992,10.91814036,11.0438768,11.16961324,11.29534968,11.29534968,11.29534968
Samoa,10.84554745,10.92000008,10.9960001,11.07200012,11.14800014,11.22400017,11.30000019,11.37600021,11.45200024,11.52800026,11.60400028,11.68000031,11.64522529,11.61045027,11.57567525,11.54090023,11.50612521,11.47135019,11.43657517,11.40180016,11.36733981,11.33298361,11.33298361,11.33298361
San Marino,8.997858325,9.089580734,9.182238144,9.275840085,9.370396186,9.465916173,9.562409872,9.65988721,9.758358212,9.857833009,9.958321832,10.05983502,10.16238301,10.26597636,10.37062571,10.47634184,10.58313563,10.69101804,10.80000019,11.01499987,11.22999954,11.2949996,11.35999966,11.35999966
Sao Tome and Principe,4.634581778,4.691814794,4.749754587,4.808409887,4.867789527,4.927902454,4.988757723,5.050364501,5.112732068,5.175869821,5.239787269,5.304494041,5.369999886,5.43797275,5.505945614,5.573918479,5.641891343,5.709864208,5.777837072,5.845809937,5.916260045,5.987559175,5.987559175,5.987559175
Saudi Arabia,6.670000076,6.882500052,7.095000029,7.307500005,7.519999981,7.757777744,7.995555507,8.23333327,8.471111033,8.708888796,8.946666559,9.184444322,9.422222084,9.659999847,9.799999952,9.940000057,10.08000016,10.22000027,10.58333365,10.94666704,11.31000042,11.60642778,11.60642778,11.60642778
Senegal,1.716155618,1.648962223,1.581768829,1.514575434,1.44738204,1.380188645,1.539999962,1.70999999,1.880000019,2.050000048,2.220000076,2.390000105,2.585000038,2.779999971,2.65593493,2.531869888,2.891940117,2.829999924,2.998349905,2.84145999,2.887631869,2.934554012,2.934554012,2.934554012
Serbia,7.44011095,7.570055379,7.699999809,8.123333136,8.546666463,8.96999979,9.393333117,9.816666444,10.23999977,10.30000019,10.36999989,10.56999969,10.56500006,10.56000042,10.72000027,11.02000046,11.13000011,11.15999985,11.26499987,11.36999989,11.50505687,11.64171812,11.64171812,11.64171812
Seychelles,10.27393787,10.32185713,10.36999989,10.41882048,10.46764108,10.51646167,10.56528227,10.61410286,10.66292346,10.71174405,10.76056465,10.80938524,10.85820584,10.90702643,10.95584703,11.00466762,11.05348822,11.10230881,11.15112941,11.19995,11.19995,11.19995,11.19995,11.19995
Sierra Leone,2.773425592,2.86506922,2.956712848,3.048356477,3.140000105,3.168450099,3.196900093,3.225350087,3.25380008,3.282250074,3.310700068,3.339150062,3.367600056,3.39605005,3.424500044,3.452950037,3.481400031,3.509850025,3.50654006,3.503230095,3.519227327,3.535297609,3.535297609,3.535297609
Singapore,9.475000381,9.634000397,9.793000412,9.952000427,10.11100044,10.27000046,10.10999966,10.21000004,10.48999977,10.5,10.93999958,11.0,11.02000046,11.14999962,11.22000027,11.36999989,11.38000011,11.34000015,11.56000042,11.68000031,11.76000023,12.07999992,11.98999977,11.98999977
Slovakia,9.950000191,10.26000023,10.48400021,10.70800018,10.93200016,11.15600014,11.38000011,11.60400009,11.82800007,12.05200005,12.27600002,12.5,12.38000011,12.43999958,12.43999958,12.64000034,12.71000004,12.77000046,12.86999989,12.90999985,13.00624316,13.10320397,13.10320397,13.10320397
Slovenia,10.50076925,10.83307692,11.16538459,11.49769225,11.82999992,11.68000031,11.81000042,11.75,11.90999985,12.02999973,12.06000042,12.21000004,12.27999973,12.38000011,12.43000031,12.56999969,12.67000008,12.69999981,12.75,12.80000019,12.8753791,12.95120192,12.95120192,12.95120192
Solomon Islands,5.092110034,5.131036535,5.170260608,5.209784529,5.249610589,5.289741098,5.330178384,5.370924792,5.411982685,5.453354443,5.495042467,5.537049174,5.579377,5.6220284,5.6646798,5.7073312,5.7499826,5.792634,5.8216494,5.8506648,5.8796802,5.8796802,5.8796802,5.8796802
Somalia,,,,,,,,,,,,,,,,,,,,,,,1.899999976,1.899999976
South Africa,7.463539778,7.670000076,8.520000458,8.760000229,8.819999695,8.899999619,8.949999809,9.079999924,9.220000267,9.600000381,9.670000076,9.68999958,9.930000305,10.03999996,10.14999962,10.22999954,10.18499994,10.14000034,10.75500011,11.36999989,10.55465984,11.60999966,11.60999966,11.60999966
South Asia,4.326477609,4.430717089,4.527100671,4.624240275,4.725141094,4.826877817,4.931450942,5.008010499,5.083864074,5.180038993,5.286618458,5.485943875,5.580451299,5.649553076,5.756576041,5.899238823,5.987034247,6.175209809,6.327777578,6.356844136,6.550279547,6.547464281,6.568632408,6.793585592
South Sudan,,,,,,,,,5.730000019,5.730000019,5.730000019,5.730000019,5.730000019,5.730000019,5.730000019,5.730000019,5.730000019,5.730000019,5.730000019,5.730000019,5.730000019,5.730000019,5.730000019,5.730000019
Spain,7.84923106,8.046923381,8.244615702,8.442308022,8.640000343,8.920000076,9.029999733,9.119999886,9.18999958,9.25,9.359999657,9.479999542,9.510000229,9.615000248,9.720000267,9.909999847,10.01000023,10.07500029,10.14000034,10.375,10.60999966,10.75612495,10.75612495,10.75612495
Sri Lanka,10.56060331,10.60000038,10.55600033,10.51200027,10.46800022,10.42400017,10.38000011,10.35000038,10.40999985,10.51000023,10.50857162,10.50714302,10.50571442,10.50428581,10.50285721,10.5014286,10.5,10.56999969,10.64000034,10.63000011,10.81999969,10.72999954,10.77000046,10.77000046
Sub-Saharan Africa,4.059658698,4.163584391,4.326557635,4.437896684,4.54235689,4.581730853,4.679240405,4.77978562,4.905651938,4.997884345,5.040127961,5.109947235,5.197224483,5.274339094,5.392515677,5.554666622,5.661327327,5.688085418,5.78945172,5.948868515,5.944339991,6.140267803,6.175707398,6.163414191
Sudan,2.44,2.538,2.636,2.734,2.832,2.93,2.97,3.01,3.05,3.09,3.13,3.228,3.326,3.424,3.522,3.62,3.67,3.72,3.77,3.82,3.87,3.962,3.962,3.962
Suriname,,,,,7.739999771,7.780431952,7.820864132,7.861296313,7.901728494,7.942160675,7.982592855,8.023025036,8.063457217,8.103889397,8.144321578,8.184753759,8.225185939,8.26561812,8.306050301,8.347083681,8.388319775,8.429759582,8.429759582,8.429759582
Sweden,11.44666672,11.63000011,11.81333351,11.99666691,12.18000031,12.26000023,12.32999992,12.39999962,12.06999969,12.14000034,12.21000004,12.27999973,12.34000015,12.22999954,12.28999996,12.35000038,12.40999985,12.48999977,12.54999971,12.60999966,12.67499519,12.74032574,12.74032574,12.74032574
Switzerland,10.63767836,10.75139504,10.86511172,10.9788284,11.09254507,11.20626175,11.73969635,12.27313095,12.80656555,13.34000015,13.31999969,13.32999992,13.40999985,13.5250001,13.64000034,13.71000004,13.67000008,13.73500013,13.80000019,13.85999966,13.90448897,13.94912109,13.94912109,13.94912109
Syrian Arab Republic,4.364101549,4.547050784,4.730000019,5.106000042,5.482000065,5.858000088,6.234000111,6.610000134,6.190000057,6.489999771,6.433757398,6.378002421,6.322730617,6.267937799,6.213619816,6.159301833,6.10498385,6.050665866,5.996347883,5.976071943,5.955796003,5.935520062,5.935520062,5.935520062
Tajikistan,10.80000019,10.83647077,10.87294135,10.90941194,10.94588252,10.9823531,11.01882368,11.05529426,11.09176484,11.12823542,11.16470601,11.20117659,11.23764717,11.27411775,11.31058833,11.34705891,11.38352949,11.42000008,11.3761613,11.33232253,11.28848376,11.27094825,11.27094825,11.27094825
Tanzania (United Republic of),4.22966011,4.26483015,4.300000191,4.415000153,4.530000114,4.645000076,4.760000038,4.875,4.989999962,5.104999924,5.219999886,5.334999847,5.449999809,5.464523156,5.479046504,5.493569851,5.525429885,5.557289918,5.589149952,5.708199978,5.827250004,5.94630003,6.065350056,6.065350056
Thailand,5.66437669,6.04828247,6.43218825,6.816094029,7.199999809,7.0849998,6.96999979,7.129999876,7.289999962,7.450000048,7.610000134,7.710000038,7.809999943,7.909999847,8.046666463,8.183333079,8.319999695,8.34499979,8.369999886,8.699999809,8.813333193,8.926666578,9.039999962,9.039999962
Timor-Leste,3.773451021,3.907511123,4.046334004,4.190088871,4.338950944,4.493101668,4.652728934,4.818027308,4.989198268,5.16645045,5.349999905,5.335039934,5.320079962,5.305119991,5.29016002,5.275200049,5.260240078,5.44069493,5.627340364,5.820388753,6.020059751,6.226580551,6.226580551,6.226580551
Togo,3.084269062,3.123016161,3.16176326,3.200510359,3.239257457,3.278004556,3.293503396,3.309002235,3.324501075,3.339999914,3.49000001,3.640000105,3.843096773,4.046193441,4.249290109,4.452386777,4.655483445,4.858580112,5.091867333,5.336355959,5.592583833,5.861114619,5.861114619,5.861114619
Tonga,10.04599972,10.04999971,10.05399971,10.05799971,10.0619997,10.0659997,10.06999969,10.23999977,10.40999985,10.57999992,10.75,10.92000008,10.91142511,10.90285015,10.89427519,10.88570023,10.87712526,10.8685503,10.85997534,10.85140038,10.88028609,10.91494895,10.91494895,10.91494895
Trinidad and Tobago,8.94444455,9.113889005,9.28333346,9.452777916,9.622222371,9.791666826,9.961111281,10.13055574,10.30000019,10.30000019,10.47000027,10.64000034,10.65388671,10.66777307,10.68165944,10.6955458,10.70943217,10.72331853,10.7372049,10.75109126,10.76497763,10.77886399,10.79275036,10.79275036
Tunisia,4.948623515,5.120310453,5.291997391,5.463684329,5.635371268,5.807058206,5.974705452,6.142352697,6.309999943,6.480000019,6.650000095,6.820000172,6.739999771,6.854999781,6.96999979,7.0849998,7.199999809,7.411304951,7.622610092,7.289999962,7.391640027,7.493280093,7.594920158,7.594920158
Turkmenistan,10.91863227,10.91235876,10.90608525,10.89981174,10.89353824,10.88726473,10.88099122,10.87471771,10.8684442,10.8621707,10.85589719,10.84962368,10.84335017,10.83707666,10.83080316,10.82452965,10.8880372,10.95154476,11.01505232,11.07855988,11.14299353,11.20780193,11.20780193,11.20780193
Tuvalu,8.29536564,8.412628514,8.529891389,8.647154263,8.764417137,8.881680012,8.998942886,9.11620576,9.233468635,9.350731509,9.467994383,9.585257258,9.702520132,9.819783006,9.937045881,10.05430876,10.17157163,10.2888345,10.40609738,10.52336025,10.64471098,10.76746107,10.76746107,10.76746107
TÃ¼rkiye,5.450705295,5.553029005,5.655352714,5.757676424,5.860000134,5.96999979,6.059999943,6.139999866,6.400000095,6.570000172,7.090000153,7.360000134,7.489999771,7.630000114,7.800000191,7.960000038,8.100000381,8.270000458,8.450000286,8.630000114,8.806320674,8.98624366,8.98624366,8.98624366
Uganda,3.945454467,4.022727186,4.099999905,4.274999936,4.449999968,4.625,4.800000032,4.975000064,5.150000095,5.1450001,5.140000105,5.13500011,5.130000114,5.319962621,5.509925127,5.699887633,5.88985014,5.974164,6.059684822,6.146429885,6.234416713,6.323663082,6.323663082,6.323663082
Ukraine,10.84253856,10.93999958,11.0374606,11.13492162,11.23238264,11.32984366,11.36639155,11.40293943,11.43948731,11.47603519,11.51258308,11.44354819,11.3745133,11.30547841,11.23644352,11.16740863,11.15928688,11.15116513,11.14304337,11.13492162,11.12679987,11.12273899,11.12273899,11.12273899
United Arab Emirates,8.47862322,8.58089853,8.68317384,8.785449151,8.887724461,8.989999771,9.158181624,9.326363477,9.49454533,9.662727183,9.830909035,9.999090888,10.16727274,10.33545459,10.50363645,10.6718183,10.84000015,12.06000042,12.47999954,12.68999958,12.73000002,12.77000046,12.98999977,12.98999977
United Kingdom,10.70033174,10.95427471,11.20821767,11.46216064,11.7161036,11.97004657,12.25003496,12.53002336,12.81001176,13.09000015,13.21000004,13.18999958,13.34000015,12.82999992,12.89000034,12.98000018,13.07000001,13.15999985,13.24333318,13.32666651,13.40999985,13.48999977,13.48999977,13.48999977
United States,12.95999985,12.92499981,12.88999977,12.85499973,12.81999969,12.82999992,12.90999985,12.94999981,12.98999977,13.01000023,13.05000019,13.10000038,13.14000034,13.19999981,13.22000027,13.25,13.34000015,13.41329002,13.5,13.59000015,13.68000031,13.57549953,13.90999985,13.90999985
Uruguay,8.315714087,8.527142661,8.738571235,8.949999809,8.633333206,8.316666603,8.0,8.184999943,8.369999886,8.369999886,8.329999924,8.399999619,8.479999542,8.520000458,8.609999657,8.670000076,8.699999809,8.829999924,8.909999847,8.979999542,9.499999682,10.01999982,10.53999996,10.53999996
Uzbekistan,10.06157244,10.14974056,10.23868127,10.32840137,10.41890767,10.51020706,10.60230649,10.69521298,10.7889336,10.88347547,10.9788458,11.07505185,11.17210094,11.27000046,11.34000015,11.35999966,11.67000008,11.72000027,11.77000046,11.89999962,11.88999987,11.88000011,11.90999985,11.90999985
Vanuatu,,,,,,5.575515217,5.667716087,5.76144166,5.856717149,5.953568184,6.052020819,6.152101541,6.253837273,6.357255382,6.460673491,6.5640916,6.667509709,6.770927818,6.908355121,7.045782424,7.183209727,7.183209727,7.183209727,7.183209727
Venezuela (Bolivarian Republic of),7.821817918,8.069999695,7.957999802,7.845999908,7.734000015,7.622000122,7.510000229,7.989999771,8.140000343,8.25,8.684999943,9.119999886,9.25,9.380000114,9.510000229,9.640000343,10.31000042,10.13614271,9.962285008,9.820335191,9.678385373,9.678385373,9.678385373,9.678385373
Very High Human Development,10.94122647,11.03142509,11.12901626,11.22543418,11.30967469,11.37124152,11.45075103,11.52796939,11.60612953,11.66422328,11.75916071,11.82256032,11.89103382,11.92566341,11.97723002,12.03942721,12.10204185,12.16772939,12.24084082,12.32545722,12.41196476,12.45117877,12.52760271,12.52676962
Viet Nam,5.63835538,5.850573922,6.062792464,6.275011006,6.487229548,6.69944809,6.909586058,7.119724026,7.329861994,7.539999962,7.629999924,7.719999886,7.809999847,7.899999809,7.989999771,8.079999733,8.169999695,8.259999657,8.349999619,8.43999958,8.619999568,8.799999555,8.979999542,8.979999542
World,7.03461191,7.12685413,7.224089503,7.319206149,7.410600719,7.476022402,7.557418631,7.612859414,7.685017331,7.761001458,7.838184681,7.933790962,8.013348753,8.068441843,8.141188044,8.230139927,8.30735757,8.40140954,8.491572163,8.568756077,8.658051834,8.720693872,8.736344844,8.775209152
Yemen,1.337054027,1.48412997,1.631205913,1.778281856,1.925357798,2.072433741,2.237337071,2.402240401,2.567143731,2.732047061,2.896950391,3.119792729,3.342635067,3.565477405,3.788319742,4.01116208,4.17606541,4.34096874,4.50587207,4.6707754,4.83567873,5.051835798,5.267992865,5.484149933
Zambia,5.390482085,5.481530292,5.572578498,5.663626705,5.754674911,5.845723118,5.936771325,6.027819531,6.118867738,6.209915945,6.300964151,6.392012358,6.483060564,6.574108771,6.665156978,6.756205184,6.847253391,6.938301597,7.029349804,7.157121491,7.284893177,7.397408543,7.397408543,7.397408543
Zimbabwe,6.543999958,6.696999931,6.849999905,6.951999903,7.053999901,7.155999899,7.257999897,7.359999895,7.461999893,7.563999891,7.665999889,7.767999887,7.869999886,7.989999771,8.109999657,8.38904953,8.424524784,8.460000038,8.573729992,8.687459946,8.808312975,8.930847216,8.930847216,8.930847216
